School Name,Tier_x,Overall_Score,Tier_y,Overall Score,Student Performance 75 points,"Family, Community, & Culture 10 points",Teacher & Learning 7.5 Points,Leadership & Collaboration 7.5 Points,Drop-Out Rate,ELA Achievement Gap,ELA Growth,ELA Growth - High-Performing Students,ELA Growth - Low-Performing Students,ELA Growth - Subgroups,English Learner Growth,Graduate in 4 Years,Graduate in 5 Years,Math Achievement Gap,Math Growth,Math Growth - High-Performing Students,Math Growth - Low-Performing Students,Math Growth - Subgroups,School Meets ELA MCAS Goals,School Meets ELA MCAS Goals - Subgroups,School Meets Math MCAS Goals,School Meets Math MCAS Goals - Subgroups,School Meets Science MCAS Goals,Students Set Goals and Persist,Students in College after Graduation,College and Career Readiness,Rigorous Curriculum,School has Effective Leadership,Teacher Effectiveness,Leadership Engages the Community,Leadership Supports Teachers,Rate of Returning Teachers,Staff Collaboration and Community,Challenging Academic Environment,Chronic Absenteeism,Family Engagement,Inclusive of Families and Community,Safety,Staff Diversity,Student Engagement and Enthusiasm,Suspensions,Welcomed and Involved Families
Manassah E. Bradley Elementary School,1.0,87,1.0,87.0,66.0,8.1,6.3,7.0,,75.0,75.0,75.0,75.0,87.5,75.0,,,100.0,100.0,100.0,100.0,100.0,100.0,100.0,100.0,100.0,50.0,75.0,,,75.0,100.0,75.0,100.0,100.0,87.5,87.5,75.0,100.0,100.0,75.0,87.5,50.0,75.0,,87.5
Nathan Hale Elementary School,1.0,81,1.0,81.0,59.2,8.9,5.9,6.8,,,75.0,100.0,,50.0,,,,75.0,100.0,75.0,,100.0,100.0,50.0,100.0,100.0,,75.0,,,75.0,87.5,75.0,87.5,87.5,100.0,87.5,75.0,100.0,100.0,83.3,93.8,100.0,75.0,,81.3
New Mission High School,1.0,73,1.0,73.0,54.4,7.4,5.4,5.6,75.0,,80.8,75.0,75.0,78.9,100.0,100.0,90.0,,100.0,100.0,61.7,100.0,38.3,38.3,11.7,8.8,76.7,75.0,,50.0,75.0,100.0,62.5,75.0,75.0,75.0,75.0,75.0,100.0,100.0,70.8,68.8,75.0,62.5,37.5,75.0
Michael J. Perkins Elementary School,1.0,73,1.0,73.0,58.1,6.3,5.0,3.5,,,50.0,,,,,,,,50.0,,,,100.0,100.0,100.0,100.0,,75.0,,,75.0,50.0,75.0,37.5,37.5,75.0,37.5,75.0,,87.5,79.2,62.5,31.3,87.5,,81.3
Mary Lyon K-8 School,1.0,68,1.0,68.0,50.6,6.9,5.3,4.7,,100.0,75.0,,,,,,,,75.0,,,,50.0,,75.0,,100.0,50.0,,,75.0,62.5,75.0,62.5,62.5,62.5,62.5,75.0,100.0,62.5,75.0,68.8,37.5,62.5,62.5,81.3
Mather Elementary School,2.0,65,2.0,65.0,46.8,8.3,5.0,4.9,,,50.0,50.0,50.0,75.0,75.0,,,100.0,75.0,75.0,75.0,62.5,,16.7,100.0,66.7,100.0,75.0,,,75.0,50.0,75.0,62.5,62.5,75.0,62.5,75.0,100.0,87.5,75.0,62.5,100.0,75.0,,87.5
Maurice J. Tobin K-8 School,2.0,64,2.0,64.0,48.2,7.4,4.1,4.2,,,75.0,75.0,50.0,62.5,100.0,,,,75.0,,50.0,62.5,50.0,50.0,100.0,50.0,50.0,50.0,,,62.5,50.0,50.0,50.0,50.0,62.5,62.5,62.5,100.0,100.0,66.7,56.3,87.5,50.0,62.5,81.3
Mattahunt Elementary School,2.0,64,2.0,64.0,43.6,8.0,5.9,6.3,,,50.0,25.0,100.0,75.0,50.0,,,,50.0,50.0,50.0,62.5,50.0,37.5,50.0,50.0,100.0,75.0,,,75.0,87.5,75.0,87.5,87.5,75.0,87.5,75.0,100.0,100.0,70.8,62.5,75.0,75.0,,81.3
Mario Umana Academy,2.0,60,2.0,60.0,44.4,6.0,4.4,4.9,,,75.0,,50.0,75.0,25.0,,,,75.0,,75.0,75.0,,50.0,50.0,50.0,50.0,50.0,,,50.0,75.0,50.0,62.5,75.0,50.0,75.0,50.0,25.0,100.0,75.0,62.5,50.0,50.0,37.5,87.5
Muriel S. Snowden International School at Copley,3.0,54,3.0,54.0,39.9,6.1,4.0,4.0,,,75.0,,75.0,75.0,50.0,75.0,50.0,,75.0,,50.0,87.5,,25.0,,,50.0,50.0,50.0,50.0,50.0,62.5,50.0,50.0,50.0,75.0,37.5,50.0,100.0,100.0,58.3,56.3,62.5,50.0,12.5,62.5
Mildred Avenue K-8 School,3.0,50,3.0,50.0,31.4,7.6,5.6,5.2,,,50.0,25.0,50.0,50.0,100.0,,,,50.0,25.0,50.0,50.0,,,50.0,50.0,,62.5,,,75.0,75.0,75.0,75.0,75.0,75.0,50.0,75.0,100.0,87.5,75.0,50.0,100.0,75.0,62.5,62.5
Madison Park Technical Vocational High School,4.0,45,4.0,45.0,31.5,5.9,3.8,3.5,,,50.0,,50.0,50.0,25.0,29.2,70.0,,50.0,,25.0,58.3,50.0,50.0,50.0,25.0,75.0,25.0,,50.0,50.0,50.0,50.0,25.0,50.0,62.5,50.0,50.0,100.0,87.5,37.5,37.5,100.0,25.0,50.0,43.8
"Martin Luther King, Jr. Elementary School",4.0,43,4.0,43.0,27.0,7.3,5.0,3.8,,,50.0,,50.0,33.3,75.0,,,,50.0,,50.0,33.3,,,,,,75.0,,,75.0,50.0,75.0,37.5,50.0,75.0,37.5,75.0,100.0,75.0,54.2,56.3,100.0,75.0,,50.0
Margarita Muniz Academy,4.0,34,4.0,34.0,16.9,6.3,5.4,5.6,50.0,,25.0,,,25.0,75.0,81.3,60.0,,,,,,,,,,,62.5,,75.0,75.0,62.5,75.0,75.0,75.0,75.0,75.0,75.0,50.0,100.0,70.8,62.5,50.0,62.5,25.0,75.0
Mel H. King South End Academy,,-,,,,,,,,,,,,,,,,,,,,,,,,,,,,,,,,,,,,,,,,,,,,
Mary Lyon Pilot High School,,-,,,,,,,,,,,,,,,,,,,,,,,,,,,,,,,,,,,,,,,,,,,,
Mel H. King Prep,,-,,,,,,,,,,,,,,,,,,,,,,,,,,,,,,,,,,,,,,,,,,,,
Mel H. King Middle,,-,,,,,,,,,,,,,,,,,,,,,,,,,,,,,,,,,,,,,,,,,,,,
Mel H. King Elementary,,-,,,,,,,,,,,,,,,,,,,,,,,,,,,,,,,,,,,,,,,,,,,,
Lee Academy,,-,,,,,,,,,,,,,,,,,,,,,,,,,,,,,,,,,,,,,,,,,,,,
Oliver Hazard Perry Elementary School,1.0,91,1.0,91.0,69.7,8.2,6.3,6.6,,,100.0,,,100.0,,,,,100.0,75.0,,100.0,100.0,50.0,100.0,100.0,,100.0,,,75.0,100.0,75.0,100.0,100.0,50.0,100.0,75.0,50.0,100.0,87.5,100.0,43.8,100.0,,100.0
Phineas Bates Elementary School,1.0,86,1.0,86.0,67.4,7.9,5.0,5.4,,75.0,100.0,100.0,,100.0,100.0,,,100.0,75.0,100.0,,100.0,100.0,83.3,100.0,66.7,50.0,62.5,,,75.0,62.5,62.5,62.5,62.5,75.0,87.5,75.0,100.0,100.0,83.3,68.8,50.0,62.5,,93.8
Oliver W. Holmes Elementary School,1.0,82,1.0,82.0,64.1,7.4,5.6,4.9,,,100.0,,100.0,100.0,50.0,,,,75.0,,75.0,62.5,100.0,100.0,100.0,75.0,100.0,75.0,,,75.0,75.0,75.0,62.5,62.5,62.5,75.0,75.0,100.0,75.0,75.0,62.5,56.3,75.0,,75.0
Orchard Gardens K-8 School,1.0,77,1.0,77.0,62.5,6.3,4.4,3.8,,,100.0,100.0,75.0,100.0,50.0,,,,75.0,,75.0,75.0,100.0,100.0,100.0,87.5,50.0,62.5,,,62.5,62.5,50.0,37.5,50.0,62.5,50.0,62.5,50.0,100.0,66.7,50.0,62.5,62.5,37.5,75.0
Philbrick-Sumner Elementary School,1.0,66,1.0,66.0,48.8,7.1,5.3,4.7,,100.0,75.0,75.0,25.0,62.5,50.0,,,100.0,75.0,75.0,50.0,62.5,50.0,16.7,100.0,33.3,100.0,75.0,,,75.0,62.5,75.0,62.5,62.5,50.0,75.0,75.0,40.8,93.8,66.7,68.8,87.5,75.0,,75.0
Samuel Adams Elementary School,1.0,66,1.0,66.0,47.4,7.4,5.9,5.2,,100.0,100.0,,,100.0,50.0,,,100.0,50.0,,,50.0,50.0,50.0,,,,75.0,,,75.0,87.5,75.0,62.5,62.5,75.0,75.0,75.0,50.0,100.0,83.3,75.0,43.8,75.0,,87.5
Sarah Greenwood K-8 School,2.0,61,2.0,61.0,42.4,6.8,5.6,6.1,,,50.0,,50.0,37.5,75.0,,,,100.0,,75.0,100.0,,,50.0,50.0,,75.0,,,62.5,87.5,75.0,100.0,75.0,75.0,75.0,62.5,100.0,87.5,70.8,68.8,50.0,75.0,25.0,75.0
Ruth Batson Academy,2.0,61,2.0,61.0,45.9,7.0,4.5,4.0,,,89.1,,,89.1,75.0,60.0,70.0,,75.0,,,69.6,50.0,30.4,100.0,69.6,,62.5,,50.0,62.5,62.5,62.5,50.0,50.0,62.5,50.0,62.5,100.0,100.0,70.8,50.0,100.0,62.5,12.5,68.8
Thomas A. Edison Elementary School,2.0,61,2.0,61.0,44.1,7.2,5.0,4.5,,75.0,75.0,25.0,50.0,56.3,50.0,,,75.0,75.0,75.0,75.0,75.0,,,50.0,31.3,100.0,75.0,,,62.5,62.5,75.0,50.0,50.0,75.0,62.5,62.5,100.0,87.5,66.7,68.8,50.0,75.0,,68.8
The English High School,2.0,59,2.0,59.0,39.6,7.2,5.4,6.3,,,50.0,,,56.5,75.0,70.0,70.0,,71.7,,,82.6,43.5,25.0,50.0,48.4,,50.0,50.0,50.0,75.0,87.5,75.0,100.0,100.0,62.5,75.0,75.0,100.0,100.0,66.7,62.5,68.8,75.0,25.0,75.0
Patrick F. Lyndon K-8 Pilot School,2.0,58,2.0,58.0,42.4,7.1,5.0,3.8,,100.0,75.0,75.0,50.0,62.5,50.0,,,100.0,50.0,75.0,50.0,43.8,,33.3,50.0,41.7,,75.0,,,75.0,50.0,75.0,37.5,37.5,75.0,50.0,75.0,100.0,87.5,75.0,75.0,43.8,75.0,25.0,81.3
Richard J. Murphy K-8 School,2.0,57,2.0,57.0,41.7,6.8,4.1,4.5,,,75.0,75.0,75.0,75.0,75.0,,,,50.0,50.0,75.0,45.0,50.0,25.0,50.0,25.0,50.0,75.0,,,50.0,62.5,50.0,50.0,50.0,87.5,50.0,50.0,100.0,100.0,66.7,50.0,68.8,75.0,37.5,62.5
TechBoston Academy,2.0,56,2.0,56.0,38.8,6.6,4.9,5.9,100.0,,75.0,,50.0,63.6,75.0,60.0,75.0,,50.0,,31.8,52.3,72.9,54.7,13.6,19.3,,75.0,,50.0,75.0,62.5,75.0,87.5,87.5,75.0,62.5,75.0,100.0,100.0,45.8,56.3,81.3,75.0,25.0,31.3
Shaw-Taylor Elementary School,3.0,55,3.0,55.0,38.1,7.8,5.0,3.8,,,50.0,,,75.0,75.0,,,,50.0,,,50.0,25.0,50.0,,37.5,50.0,75.0,,,75.0,50.0,75.0,50.0,50.0,37.5,62.5,75.0,100.0,87.5,70.8,50.0,68.8,100.0,,68.8
Rafael Hernandez Elementary School,3.0,53,3.0,53.0,37.9,6.9,4.4,4.0,,,50.0,50.0,75.0,50.0,50.0,,,,50.0,25.0,75.0,50.0,,,100.0,100.0,,62.5,,,50.0,75.0,50.0,50.0,50.0,62.5,50.0,50.0,100.0,100.0,75.0,43.8,50.0,62.5,62.5,81.3
Patrick J. Kennedy Elementary School,3.0,52,3.0,52.0,30.8,8.3,5.9,7.0,,,75.0,,50.0,75.0,75.0,,,,25.0,,50.0,25.0,25.0,,,,,75.0,,,75.0,87.5,75.0,100.0,100.0,100.0,75.0,75.0,100.0,100.0,75.0,75.0,50.0,100.0,,87.5
Roger Clap Innovation School,3.0,49,3.0,49.0,30.2,7.8,5.6,5.9,,,75.0,,,,,,,75.0,25.0,,,,,,,,,62.5,,,75.0,75.0,75.0,100.0,100.0,50.0,62.5,75.0,100.0,100.0,79.2,50.0,62.5,75.0,,81.3
Samuel W. Mason Elementary School,3.0,45,3.0,45.0,28.1,7.0,5.6,4.7,,,25.0,,25.0,,,,,,50.0,,50.0,,,,100.0,50.0,,75.0,,,75.0,75.0,75.0,75.0,62.5,50.0,62.5,75.0,50.0,100.0,68.8,56.3,56.3,75.0,,75.0
Paul A. Dever Elementary School,4.0,32,4.0,32.0,17.5,7.2,4.7,3.0,,,25.0,25.0,25.0,25.0,50.0,,,,,,,,25.0,50.0,,37.5,100.0,75.0,,,75.0,37.5,75.0,37.5,37.5,37.5,50.0,75.0,75.0,100.0,62.5,56.3,56.3,87.5,,62.5
Rev. Dr. Michael E. Haynes Early Education Center,,-,,,,,,,,,,,,,,,,,,,,,,,,,,,,,,,,,,,,,,,,,,,,
UP Academy Charter School of Dorchester,1.0,76,1.0,76.0,65.6,4.9,3.8,1.6,,,100.0,100.0,75.0,75.0,75.0,,,,100.0,,75.0,87.5,100.0,87.5,100.0,100.0,100.0,50.0,,,50.0,50.0,50.0,12.5,12.5,50.0,12.5,50.0,100.0,37.5,50.0,43.8,62.5,50.0,12.5,37.5
Warren-Prescott K-8 School,1.0,71,1.0,71.0,50.5,7.7,5.6,7.5,,,100.0,100.0,100.0,91.7,,,,,75.0,75.0,75.0,66.7,75.0,66.7,,33.3,,75.0,,,62.5,100.0,62.5,100.0,100.0,100.0,100.0,62.5,100.0,100.0,83.3,81.3,43.8,75.0,62.5,87.5
William Monroe Trotter Elementary School,2.0,64,2.0,64.0,45.5,6.9,5.9,5.4,,,75.0,50.0,50.0,75.0,,,,,75.0,,50.0,50.0,50.0,25.0,100.0,62.5,50.0,75.0,,,75.0,87.5,75.0,75.0,87.5,37.5,87.5,75.0,50.0,62.5,79.2,68.8,56.3,75.0,,87.5
Wolfgang Amadeus Mozart Elementary School,2.0,61,2.0,61.0,43.4,7.3,5.3,5.4,,100.0,75.0,75.0,,100.0,,,,,50.0,75.0,,50.0,50.0,,50.0,,,75.0,,,75.0,62.5,75.0,87.5,62.5,62.5,75.0,75.0,,87.5,87.5,68.8,100.0,75.0,,87.5
UP Academy Holland,2.0,58,2.0,58.0,45.9,5.0,4.4,3.0,,,75.0,,75.0,75.0,50.0,,,,75.0,,50.0,87.5,50.0,25.0,50.0,50.0,,62.5,,,62.5,50.0,62.5,50.0,37.5,50.0,25.0,62.5,100.0,37.5,18.8,31.3,75.0,62.5,,12.5
Young Achievers School of Science & Math,2.0,55.5,2.0,56.0,44.4,5.4,3.1,2.6,,,75.0,,75.0,66.7,50.0,,,,25.0,,50.0,33.3,100.0,100.0,50.0,75.0,75.0,25.0,,,37.5,50.0,37.5,25.0,50.0,25.0,37.5,37.5,100.0,75.0,50.0,31.3,93.8,37.5,,62.5
William Blackstone Elementary School,3.0,47,3.0,47.0,33.1,6.5,4.4,3.3,,,50.0,,50.0,50.0,50.0,,,,50.0,,50.0,50.0,,12.5,25.0,25.0,50.0,75.0,,,62.5,37.5,75.0,37.5,37.5,62.5,37.5,62.5,75.0,87.5,62.5,43.8,50.0,75.0,,62.5
Thomas J. Kenny Elementary School,3.0,46,3.0,46.0,29.7,7.9,3.8,4.2,,100.0,50.0,50.0,50.0,58.3,100.0,,,,25.0,,25.0,58.3,,50.0,,33.3,,75.0,,,50.0,37.5,62.5,50.0,50.0,75.0,50.0,50.0,100.0,100.0,75.0,50.0,100.0,75.0,,81.3
William E. Russell Elementary School,4.0,42,4.0,42.0,25.7,7.9,5.0,3.5,,,50.0,,50.0,75.0,25.0,,,,,,50.0,12.5,,75.0,,,,75.0,,,62.5,62.5,75.0,37.5,37.5,50.0,62.5,62.5,100.0,100.0,87.5,75.0,43.8,75.0,,87.5
William Ellery Channing Elementary School,4.0,40,4.0,40.0,22.2,7.4,5.9,4.5,,,25.0,,,50.0,,,,,50.0,,,50.0,,,,25.0,,62.5,,,62.5,100.0,75.0,62.5,75.0,50.0,50.0,62.5,100.0,87.5,58.3,68.8,68.8,75.0,,75.0
William E. Carter School,,-,,,,,,,,,,,,,,,,,,,,,,,,,,,,,,,,,,,,,,,,,,,,
Donald McKay K-8 School,1.0,70,1.0,70.0,53.8,7.1,4.1,4.9,,,75.0,75.0,75.0,87.5,75.0,,,,75.0,100.0,75.0,50.0,50.0,25.0,100.0,50.0,75.0,50.0,,,62.5,37.5,62.5,62.5,62.5,75.0,62.5,62.5,100.0,100.0,62.5,75.0,50.0,50.0,62.5,75.0
Fenway High School,1.0,69,1.0,69.0,52.1,8.1,4.7,4.5,,,50.0,,,50.0,100.0,50.0,95.8,,100.0,,,100.0,100.0,87.5,100.0,62.5,,75.0,50.0,75.0,75.0,25.0,75.0,37.5,37.5,100.0,62.5,75.0,100.0,100.0,75.0,75.0,100.0,75.0,50.0,81.3
David A. Ellis Elementary School,1.0,67,1.0,67.0,48.1,7.8,5.3,5.4,,,75.0,,,75.0,75.0,,,,50.0,,,50.0,100.0,87.5,50.0,25.0,50.0,75.0,,,62.5,87.5,62.5,75.0,75.0,75.0,62.5,62.5,100.0,87.5,70.8,56.3,100.0,75.0,,75.0
F. Lyman Winship Elementary School,2.0,63,2.0,63.0,42.4,8.2,5.6,7.0,,,75.0,75.0,50.0,75.0,100.0,,,,50.0,50.0,75.0,62.5,50.0,12.5,75.0,75.0,,75.0,,,75.0,75.0,75.0,100.0,100.0,75.0,100.0,75.0,100.0,100.0,79.2,75.0,62.5,75.0,,87.5
George H. Conley Elementary School,2.0,60,2.0,60.0,40.4,7.2,6.6,6.1,,,75.0,,,,,,,100.0,50.0,,,,50.0,25.0,100.0,,,75.0,,,87.5,87.5,87.5,100.0,100.0,50.0,75.0,87.5,,87.5,83.3,75.0,87.5,75.0,,81.3
Dennis C. Haley Elementary School,2.0,59,2.0,59.0,42.0,6.2,5.0,5.9,,,50.0,50.0,50.0,56.3,100.0,,,25.0,75.0,75.0,50.0,62.5,25.0,,100.0,50.0,100.0,62.5,,,62.5,75.0,62.5,75.0,75.0,87.5,75.0,62.5,100.0,75.0,58.3,62.5,62.5,62.5,12.5,62.5
East Boston High School,2.0,59,2.0,59.0,40.5,6.3,4.7,7.0,,,54.4,100.0,75.0,52.2,75.0,50.0,85.7,,86.8,,91.2,86.8,17.6,13.2,8.8,11.0,4.4,50.0,50.0,50.0,50.0,100.0,50.0,100.0,100.0,75.0,100.0,50.0,33.8,100.0,66.7,62.5,50.0,50.0,75.0,81.3
Edward M. Kennedy Academy for Health Careers,2.0,58,2.0,58.0,39.9,7.5,4.7,5.9,100.0,,50.0,,50.0,50.0,75.0,100.0,100.0,,75.0,,75.0,87.5,,,,25.0,,50.0,,50.0,75.0,62.5,62.5,75.0,75.0,87.5,75.0,75.0,100.0,100.0,66.7,62.5,100.0,50.0,50.0,68.8
Franklin D. Roosevelt Elementary School,2.0,55,2.0,55.0,40.5,6.9,3.8,4.0,,75.0,50.0,50.0,50.0,50.0,75.0,,,100.0,50.0,50.0,50.0,66.7,50.0,41.7,50.0,25.0,50.0,50.0,,,50.0,50.0,50.0,37.5,37.5,75.0,62.5,50.0,100.0,100.0,75.0,62.5,87.5,50.0,12.5,87.5
Gardner Pilot Academy,3.0,55,3.0,55.0,38.8,6.4,4.4,4.9,,,50.0,50.0,50.0,50.0,50.0,,,75.0,75.0,75.0,50.0,58.3,,,50.0,50.0,50.0,50.0,,,62.5,50.0,62.5,62.5,75.0,75.0,50.0,62.5,,100.0,79.2,56.3,87.5,50.0,62.5,81.3
"Dearborn Science, Technology, Engineering and Mathematics Academy",3.0,50,3.0,50.0,32.2,5.9,5.2,6.6,,,50.0,,50.0,54.5,50.0,60.0,95.0,,65.9,,50.0,61.4,31.8,9.1,18.2,9.1,,50.0,,75.0,50.0,100.0,50.0,100.0,100.0,75.0,75.0,50.0,18.2,75.0,70.8,50.0,75.0,62.5,50.0,75.0
Ellis Mendell Elementary School,3.0,46,3.0,46.0,29.6,6.4,5.0,4.9,,,50.0,50.0,50.0,62.5,25.0,,,,50.0,50.0,50.0,62.5,,,,,50.0,62.5,,,75.0,50.0,75.0,62.5,62.5,62.5,75.0,75.0,,87.5,70.8,50.0,87.5,75.0,,68.8
Dudley Street Neighborhood Charter School,4.0,45,4.0,45.0,27.5,8.0,5.0,4.2,,,50.0,,,37.5,50.0,,,,50.0,,,37.5,,,,,75.0,75.0,,,75.0,50.0,75.0,62.5,62.5,50.0,50.0,75.0,100.0,100.0,81.3,50.0,75.0,75.0,,87.5
Edward Everett Elementary School,4.0,44,4.0,44.0,24.4,7.9,5.6,6.1,,,50.0,50.0,,62.5,75.0,,,,25.0,25.0,,37.5,,25.0,,8.3,,75.0,,,75.0,75.0,75.0,87.5,87.5,62.5,87.5,75.0,100.0,87.5,75.0,75.0,56.3,75.0,,87.5
Dr. William W. Henderson K-12 Inclusion School,4.0,44,4.0,44.0,29.9,5.6,4.7,3.8,,25.0,50.0,25.0,50.0,54.9,50.0,57.1,71.4,,50.0,,50.0,40.1,34.9,56.3,50.0,43.8,15.1,62.5,50.0,,75.0,50.0,75.0,50.0,50.0,50.0,50.0,75.0,,62.5,66.7,50.0,87.5,62.5,25.0,75.0
Excel High School,4.0,29,4.0,29.0,17.1,4.2,3.3,4.0,25.0,,,,,,100.0,42.9,50.0,,50.0,,,,,,,,,25.0,,25.0,37.5,62.5,50.0,50.0,50.0,62.5,50.0,37.5,,87.5,29.2,37.5,100.0,37.5,25.0,25.0
Dr. Catherine Ellison - Rosa Parks Early Education School,,-,,,,,,,,,,,,,,,,,,,,,,,,,,,,,,,,,,,,,,,,,,,,
Greater Egleston Community High School,,-,,,,,,,,,,,,,,,,,,,,,,,,,,,,,,,,,,,,,,,,,,,,
East Boston Early Education Center,,-,,,,,,,,,,,,,,,,,,,,,,,,,,,,,,,,,,,,,,,,,,,,
Harriet A. Baldwin Early Learning Pilot Academy,,-,,,,,,,,,,,,,,,,,,,,,,,,,,,,,,,,,,,,,,,,,,,,
Dante Alighieri Elementary Montessori School,1.0,94,1.0,94.0,73.1,8.5,5.9,6.3,,100.0,100.0,,,,,,,100.0,100.0,,,,100.0,,100.0,,,75.0,,,75.0,87.5,75.0,100.0,100.0,50.0,87.5,75.0,100.0,100.0,91.7,100.0,50.0,75.0,,87.5
Curtis Guild Elementary School,1.0,89,1.0,89.0,68.6,8.0,5.6,6.3,,,100.0,,100.0,100.0,75.0,,,,100.0,,75.0,100.0,100.0,50.0,100.0,100.0,,75.0,,,75.0,75.0,75.0,87.5,87.5,75.0,87.5,75.0,100.0,100.0,87.5,81.3,18.8,75.0,,100.0
Curley K-8 School,1.0,70,1.0,70.0,55.4,6.6,3.8,4.0,,25.0,75.0,100.0,50.0,68.8,50.0,,,50.0,100.0,100.0,50.0,81.3,75.0,41.7,100.0,91.7,100.0,62.5,,,50.0,50.0,50.0,50.0,50.0,62.5,50.0,50.0,100.0,87.5,70.8,50.0,50.0,62.5,50.0,75.0
Boston Latin School,1.0,66,1.0,66.0,50.2,6.8,4.7,4.5,100.0,8.3,83.3,50.0,75.0,81.2,,91.7,95.8,33.4,83.3,50.0,83.3,83.3,16.7,25.0,91.7,58.3,,75.0,100.0,100.0,50.0,50.0,50.0,50.0,50.0,87.5,50.0,50.0,66.7,100.0,66.7,75.0,50.0,62.5,75.0,62.5
Beethoven/Ohrenberger,2.0,55,2.0,55.0,36.9,7.4,4.7,6.3,,,50.0,50.0,50.0,56.3,50.0,,,,75.0,50.0,75.0,68.8,,16.7,50.0,50.0,50.0,62.5,,,62.5,62.5,62.5,87.5,87.5,87.5,75.0,62.5,100.0,100.0,75.0,75.0,50.0,75.0,50.0,75.0
Boston Arts Academy,3.0,53,3.0,53.0,35.9,7.2,4.7,5.6,,,50.0,,75.0,37.5,,50.0,91.7,,50.0,,75.0,50.0,,16.7,50.0,33.3,50.0,37.5,50.0,100.0,50.0,50.0,50.0,62.5,62.5,100.0,75.0,50.0,100.0,87.5,70.8,56.3,100.0,50.0,62.5,75.0
Albert D Holland School of Technology,3.0,52,3.0,52.0,36.2,6.3,5.9,4.0,,,53.1,,,,50.0,65.0,5.0,,90.6,,,,90.6,46.9,43.7,21.9,,62.5,50.0,100.0,75.0,62.5,75.0,50.0,50.0,62.5,50.0,75.0,12.5,100.0,58.3,56.3,75.0,62.5,62.5,62.5
Boston Green Academy,3.0,52,3.0,52.0,37.5,5.6,4.5,4.5,,,75.0,50.0,,88.5,,70.0,50.0,,50.0,,,50.0,32.7,,50.0,82.7,49.1,37.5,,100.0,50.0,37.5,50.0,75.0,62.5,37.5,62.5,50.0,67.3,100.0,54.2,43.8,62.5,37.5,25.0,62.5
Boston Latin Academy,3.0,50,3.0,50.0,38.6,5.2,2.8,3.0,75.0,92.2,67.2,50.0,59.3,58.6,,95.0,100.0,,59.3,25.0,76.5,62.5,,,,12.5,,50.0,100.0,25.0,50.0,25.0,50.0,25.0,25.0,87.5,25.0,50.0,,75.0,62.5,50.0,68.8,50.0,50.0,62.5
Community Academy of Science and Health,3.0,47,3.0,47.0,28.8,6.8,4.7,6.3,75.0,,25.0,,,,100.0,20.0,5.0,,75.0,,,,,,50.0,50.0,,50.0,25.0,50.0,62.5,75.0,62.5,87.5,87.5,87.5,75.0,62.5,100.0,62.5,58.3,62.5,100.0,62.5,37.5,68.8
Charlestown High School,3.0,47,3.0,47.0,30.5,6.2,4.9,5.4,25.0,,50.0,,,50.0,100.0,12.5,41.7,,75.0,,,50.0,,4.5,4.5,8.9,50.0,50.0,25.0,50.0,75.0,62.5,75.0,75.0,75.0,62.5,75.0,75.0,31.7,87.5,54.2,68.8,56.3,75.0,50.0,56.3
Another Course to College,4.0,42,4.0,42.0,27.5,6.6,4.5,3.0,,,50.0,,,,,30.0,60.0,,50.0,,,,,100.0,,,50.0,37.5,,100.0,62.5,25.0,50.0,25.0,25.0,75.0,37.5,62.5,75.0,87.5,58.3,43.8,100.0,37.5,62.5,62.5
Boston Teachers Union K-8 Pilot School,4.0,40,4.0,40.0,26.0,6.3,4.1,3.8,,,50.0,50.0,25.0,58.3,,,,100.0,25.0,50.0,,33.3,,16.7,,33.3,50.0,50.0,,,62.5,37.5,62.5,50.0,50.0,50.0,50.0,62.5,,100.0,62.5,56.3,100.0,62.5,37.5,87.5
Community Academy,,-,,,,,,,,,,,,,,,,,,,,,,,,,,,,,,,,,,,,,,,,,,,,
Boston Collaborative High School,,-,,,,,,,,,,,,,,,,,,,,,,,,,,,,,,,,,,,,,,,,,,,,
Boston Adult Technical Academy,,-,,,,,,,,,,,,,,,,,,,,,,,,,,,,,,,,,,,,,,,,,,,,
Brighton High School,,-,,,,,,,,,,,,,,,,,,,,,,,,,,,,,,,,,,,,,,,,,,,,
Boston Day and Evening Academy,,-,,,,,,,,,,,,,,,,,,,,,,,,,,,,,,,,,,,,,,,,,,,,
Boston International High School,,-,,,,,,,,,,,,,,,,,,,,,,,,,,,,,,,,,,,,,,,,,,,,
James J. Chittick Elementary School,1.0,89,1.0,89.0,69.4,6.5,6.3,6.6,,,75.0,,,,,,,,100.0,,,,100.0,100.0,100.0,100.0,,75.0,,,75.0,100.0,75.0,100.0,100.0,62.5,87.5,75.0,,75.0,70.8,81.3,75.0,75.0,,68.8
James Otis Elementary School,1.0,86,1.0,86.0,64.8,7.9,5.9,7.0,,,100.0,75.0,75.0,100.0,50.0,,,75.0,100.0,100.0,100.0,100.0,75.0,50.0,100.0,50.0,100.0,75.0,,,75.0,87.5,75.0,100.0,100.0,75.0,100.0,75.0,100.0,100.0,79.2,87.5,25.0,75.0,,87.5
John Winthrop Elementary School,1.0,84,1.0,84.0,68.6,5.8,4.4,5.2,,,100.0,,75.0,100.0,50.0,,,,100.0,,100.0,100.0,100.0,75.0,100.0,100.0,100.0,62.5,,,50.0,75.0,50.0,87.5,75.0,37.5,75.0,50.0,100.0,37.5,58.3,50.0,37.5,62.5,,68.8
Higginson (K-2) / Higginson/Lewis K-8,1.0,74,1.0,74.0,53.8,7.9,5.9,6.6,,,75.0,,75.0,58.3,50.0,,,,50.0,,75.0,66.7,100.0,87.5,100.0,100.0,50.0,75.0,,,75.0,87.5,75.0,100.0,100.0,75.0,75.0,75.0,100.0,81.3,79.2,62.5,81.3,75.0,75.0,81.3
Joseph P. Tynan Elementary School,1.0,73,1.0,73.0,52.1,7.8,6.3,6.8,,,50.0,,,,,,,75.0,75.0,,,,100.0,,50.0,,,75.0,,,75.0,100.0,75.0,100.0,100.0,87.5,75.0,75.0,100.0,75.0,83.3,75.0,62.5,75.0,,75.0
Hugh R. O'Donnell Elementary School,1.0,73,1.0,73.0,56.3,7.9,5.0,3.8,,,75.0,,,75.0,75.0,,,,100.0,,,100.0,25.0,50.0,100.0,100.0,,75.0,,,75.0,50.0,75.0,37.5,37.5,62.5,62.5,75.0,100.0,87.5,79.2,81.3,50.0,75.0,,81.3
Josiah Quincy Elementary School,1.0,69,1.0,69.0,51.0,6.5,4.4,6.8,,,75.0,50.0,75.0,75.0,100.0,,,100.0,75.0,75.0,100.0,75.0,50.0,62.5,50.0,62.5,,75.0,,,50.0,75.0,50.0,100.0,87.5,87.5,87.5,50.0,,87.5,87.5,81.3,50.0,75.0,,87.5
John Eliot K-8 School,1.0,69,1.0,69.0,47.8,7.9,6.3,6.8,,,75.0,75.0,50.0,62.5,75.0,,,,100.0,75.0,75.0,81.3,50.0,37.5,100.0,68.8,,75.0,,,75.0,100.0,75.0,100.0,100.0,62.5,100.0,75.0,75.0,100.0,79.2,100.0,62.5,75.0,62.5,81.3
John F. Kennedy Elementary School,1.0,69,1.0,69.0,51.3,8.1,5.0,4.7,,,75.0,75.0,50.0,75.0,50.0,,,75.0,75.0,100.0,50.0,75.0,50.0,33.3,100.0,33.3,75.0,75.0,,,75.0,50.0,75.0,50.0,62.5,62.5,75.0,75.0,100.0,100.0,79.2,75.0,62.5,75.0,,81.3
Joseph J. Hurley K-8 School,1.0,67,1.0,67.0,48.0,7.4,5.3,6.6,,25.0,100.0,75.0,50.0,87.5,50.0,,,100.0,75.0,75.0,75.0,75.0,,,50.0,37.5,50.0,62.5,,,75.0,62.5,75.0,100.0,87.5,87.5,75.0,75.0,100.0,75.0,75.0,68.8,50.0,75.0,75.0,75.0
John D. O'Bryant School of Mathematics and Science,2.0,64,2.0,64.0,49.7,7.0,3.3,3.5,75.0,20.8,55.2,50.0,75.0,53.9,,92.9,96.4,64.6,80.2,100.0,100.0,75.3,,5.2,59.4,48.4,39.6,75.0,100.0,25.0,50.0,50.0,50.0,37.5,37.5,62.5,50.0,50.0,39.6,87.5,66.7,75.0,100.0,62.5,75.0,75.0
James W. Hennigan Elementary School,2.0,59,2.0,59.0,43.0,7.0,4.4,4.7,,,75.0,50.0,75.0,58.3,50.0,,,,50.0,,75.0,50.0,50.0,37.5,75.0,75.0,,50.0,,,50.0,62.5,62.5,62.5,62.5,62.5,62.5,50.0,100.0,100.0,75.0,56.3,56.3,62.5,50.0,81.3
Joseph P. Manning Elementary School,2.0,56,2.0,56.0,42.0,6.3,4.1,3.3,,,75.0,75.0,,75.0,,,,,75.0,75.0,,75.0,,75.0,50.0,,,75.0,,,75.0,25.0,62.5,25.0,25.0,75.0,50.0,75.0,25.0,100.0,75.0,75.0,6.3,62.5,,81.3
Joseph Lee K-8 School,2.0,55,2.0,55.0,41.8,6.1,4.1,3.0,,,50.0,,25.0,41.7,100.0,,,,50.0,,50.0,50.0,75.0,75.0,100.0,75.0,50.0,50.0,,,50.0,62.5,50.0,37.5,37.5,50.0,37.5,50.0,100.0,87.5,62.5,50.0,56.3,50.0,25.0,68.8
Joyce Kilmer K-8 School,3.0,52,3.0,52.0,35.3,5.9,5.0,6.1,,,50.0,50.0,50.0,50.0,,,,,75.0,75.0,75.0,58.3,,,50.0,50.0,,62.5,,,75.0,62.5,62.5,87.5,75.0,75.0,87.5,75.0,50.0,75.0,66.7,75.0,12.5,50.0,50.0,75.0
Harvard-Kent Elementary School,3.0,51,3.0,51.0,34.0,7.8,4.7,4.7,,100.0,25.0,25.0,50.0,12.5,100.0,,,50.0,50.0,50.0,50.0,25.0,,,75.0,58.3,100.0,75.0,,,75.0,37.5,75.0,50.0,50.0,87.5,62.5,75.0,100.0,100.0,79.2,62.5,50.0,75.0,,81.3
James F. Condon K-8 School,3.0,49,3.0,49.0,35.5,7.3,4.1,2.3,,,50.0,50.0,50.0,41.7,50.0,,,,50.0,25.0,75.0,58.3,,16.7,50.0,83.3,25.0,62.5,,,75.0,25.0,62.5,25.0,25.0,50.0,25.0,75.0,100.0,87.5,66.7,43.8,93.8,75.0,50.0,68.8
Josiah Quincy Upper School,3.0,48,3.0,48.0,34.5,5.7,2.8,5.4,75.0,,50.0,50.0,50.0,45.6,75.0,95.0,87.5,,73.5,50.0,50.0,73.5,,8.8,,8.8,23.5,50.0,25.0,25.0,50.0,25.0,50.0,62.5,62.5,100.0,62.5,50.0,23.5,100.0,58.3,56.3,62.5,50.0,50.0,62.5
Henry Grew Elementary School,4.0,40,4.0,40.0,21.9,8.0,4.7,5.4,,,50.0,,,50.0,25.0,,,,50.0,,,25.0,,,,,,62.5,,,62.5,62.5,62.5,75.0,75.0,62.5,75.0,62.5,100.0,87.5,75.0,68.8,93.8,62.5,,87.5
Horace Mann School for the Deaf & Hard of Hearing,,-,,,,,,,,,,,,,,,,,,,,,,,,,,,,,,,,,,,,,,,,,,,,
